Samples,1st,2nd,3rd,Average,ε
Atmosphere,5.54,,,5.54,
C6H12,7.93,7.94,7.98,7.95,
Atmosphere,5.59,,,5.59,
solution_1,8.19,8.24,8.19,8.206666667,2.131950207
Atmosphere,5.59,,,5.59,
solution_2,8.34,8.36,8.37,8.356666667,2.195622407
Atmosphere,5.61,,,5.61,
solution_3,8.5,8.51,8.51,8.506666667,2.259294606
Atmosphere,5.61,,,5.61,
solution_4,8.67,8.67,8.67,8.67,2.328626556
Atmosphere,5.62,,,5.62,
solution_5,8.92,8.93,8.92,8.923333333,2.436161826
C0,2.355816227,,,,
Cd,3.184183773,,,,
