Samples,m1,m2,m3,molar_fraction
solution_1,51.254,52.833,85.982,0.051310484
solution_2,47.121,49.553,82.231,0.077919682
solution_3,40.143,43.291,74.848,0.101744137
solution_4,46.274,50.111,81.025,0.123522902
solution_5,51.721,56.367,86.282,0.149908479
