order N.O.,10^-5 V,V,V
#1,-2764,0.32764,0.32765
#2,-2718,0.32718,0.32699
